,,Happy Hours & Bar Specials in the Neighborhood,,,,,,,,
,,trime to get extra HRAPPY! ,,,,,,,,
,,Monday,Tuesday,Wednesday,Thursday,Friday,Saturday,Sunday,GAMES?!,HAUNTED?!
MELROSE FAIRFAX / WEHO,,,,,,,,,,
Akuma,https://maps.app.goo.gl/DR6U5FFeV1ahWapt5,"3pm-5pm 
50% house sake / draft beer / wine","3pm-5pm 
50% house sake / draft beer / wine","3pm-5pm 
50% house sake / draft beer / wine","3pm-5pm 
50% house sake / draft beer / wine","3pm-5pm 
50% house sake / draft beer / wine",,,,
Badmaash,https://maps.app.goo.gl/DR6U5FFeV1ahWapt5,"3-6pm; 9 - 10pm
$10 wine / $6 beer / $6-10 food specials","3-6pm; 9 - 10pm
$10 wine / $6 beer / $6-10 food specials","3-6pm; 9 - 10pm
$10 wine / $6 beer / $6-10 food specials","3-6pm; 9 - 10pm
$10 wine / $6 beer / $6-10 food specials","3-6pm
$10 wine / $6 beer / $6-10 food specials","3-6pm
$10 wine / $6 beer / $6-10 food specials","3-6pm; 9 - 10pm
$10 wine / $6 beer / $6-10 food specials",,
Bao Dim Sum,,"5-7pm; 
$7 Beers Wines Wells / 
$9 apps / $10 cocktails","5-7pm; 
$7 Beers Wines Wells / 
$9 apps / $10 cocktails","5-7pm; 
$7 Beers Wines Wells / 
$9 apps / $10 cocktails","5-7pm; 
$7 Beers Wines Wells / 
$9 apps / $10 cocktails","5-7pm; 
$7 Beers Wines Wells / 
$9 apps / $10 cocktails",N/A,N/A,,
Bar Lubitsch,,TBC,TBC,TBC,TBC,TBC,,,DANCING,N
Barney's Beanery,,4-7pm,"4-7pm / 
Trivia @ 9pm!",4-7pm,4-7pm,4-7pm,,,POOL TABLES,Y
The Belmont,,N/A,"4-7pm
$5-$6 beers / $7 spirits / $6 wine Karaoke @ 9pm","4-7pm
$5-$6 beers / $7 spirits / Wine Weds $7 all day","4-7pm
$5-$6 beers / $7 spirits / $6 wine","4-7pm
$5-$6 beers / $7 spirits / $6 wine",,,TV'S,N
Blue Collar,,N/A,N/A,N/A,N/A,N/A,,,DARKNESS,M
Blue Daisy - Palihotel,,"4-7pm
$9 Cocktails & Food","4-7pm
$9 Cocktails & Food","4-7pm
$9 Cocktails & Food","4-7pm
$9 Cocktails & Food","4-7pm
$9 Cocktails & Food",,,,N
Chao Krung,,4:30pm-6pm,4:30pm-6pm,4:30pm-6pm,4:30pm-6pm,4:30pm-6pm,4:30pm-6pm,4:30pm-6pm,,
The Den,,N/A,"5-7pm
$8 wells / $2 off all beers","5-7pm
$8 wells / $2 off all beers
Karaoke @ 9:45pm","5-7pm
$8 wells / $2 off all beers","5-7pm
$8 wells / $2 off all beers",,,,N
El Carmen,,"5-7pm; 
10:30 - 2:00am
$7 Margs / 
$3 tacos","5-7pm; 
10:30 - 2:00am
$7 Margs / 
$3 tacos","5-7pm; 
10:30 - 2:00am
$7 Margs / 
$3 tacos","5-7pm; 
10:30 - 2:00am
$7 Margs / 
$3 tacos","5-7pm;
$7 Margs / 
$3 tacos",,"5-7pm; 
10:30 - 2:00am
$7 Margs / 
$3 tacos",,N
EP-LP,,4pm-6pm,4pm-6pm,4pm-6pm,4pm-6pm,4pm-6pm,,,HOES & TRICKS,N
Employees Only,,N/A,"6-8pm
Food & $12 Drinks","6-8pm
Food & $12 Drinks","6-8pm
Food & $12 Drinks","6-8pm
Food & $12 Drinks","6-8pm
Food & $12 Drinks","6-8pm
Food & $12 Drinks",,N
Formosa Cafe,,"3-6pm
$10 cocktails / $5 beer / $10 food specials","3-6pm
$10 cocktails / $5 beer / $10 food specials","3-6pm
$10 cocktails / $5 beer / $10 food specials","3-6pm
$10 cocktails / $5 beer / $10 food specials","3-6pm
$10 cocktails / $5 beer / $10 food specials","3-6pm
$10 cocktails / $5 beer / $10 food specials","3-6pm
$10 cocktails / $5 beer / $10 food specials",,H'D AF
Gracias Madre,,"3pm-6pm
$9 Marg / $6 Beer / $7 Bites
Mezcal Monday!","3pm-6pm
$9 Marg / $6 Beer / $7 Bites
Taco Tuesdays (3 for $25)!","3pm-6pm
$9 Marg / $6 Beer / $7 Bites","3pm-6pm
$9 Marg / $6 Beer / $7 Bites","3pm-6pm
$9 Marg / $6 Beer / $7 Bites",,,BEST OUTSIDE PATIO,N
Harlowe,,N/A,"5-7pm
$10 Cocktails / $8 Wells / $1 off Beer","5-7pm
$10 Cocktails / $8 Wells / $1 off Beer","5-7pm
$10 Cocktails / $8 Wells / $1 off Beer","5-7pm
$10 Cocktails / $8 Wells / $1 off Beer","5-7pm
$10 Cocktails / $8 Wells / $1 off Beer","5-7pm
$10 Cocktails / $8 Wells / $1 off Beer",DANCING; GHOSTS,H'D AF
The Henry,,"3 - 6pm
$8 draft beer /
$12 cocktails;
food deals","3 - 6pm
$8 draft beer /
$12 cocktails;
food deals","3 - 6pm
$8 draft beer /
$12 cocktails;
food deals","3 - 6pm
$8 draft beer /
$12 cocktails;
food deals","3 - 6pm
$8 draft beer /
$12 cocktails;
food deals",,,,
Hi-Tops,,"12pm-8pm
$5 all beer / $5 wells / $5 wings all day","12pm-8pm
$5 all beer / $5 wells
Trivia @ 8pm!","12pm-8pm
$5 all beer / $5 wells","12pm-8pm
$5 all beer / $5 wells","12pm-8pm
$5 all beer / $5 wells","12pm-8pm
$5 all beer / $5 wells","12pm-8pm
$5 all beer / $5 wells",TV'S; GAY BOYS,N
Jones,,"10:30pm - 2am /
$7 cocktails /
$5 beers / 
$10 HH Apps & Pizzas","10:30pm - 2am /
$7 cocktails /
$5 beers / 
$10 HH Apps & Pizzas","10:30pm - 2am /
$7 cocktails /
$5 beers / 
$10 HH Apps & Pizzas","10:30pm - 2am /
$7 cocktails /
$5 beers / 
$10 HH Apps & Pizzas",N/A,N/A,"10:30pm - 2am /
$7 cocktails /
$5 beers / 
$10 HH Apps & Pizzas",,
Kinari,,"4pm-7pm
$6 Draft / $9 Sake / Food","4pm-7pm
$6 Draft / $9 Sake / Food","4pm-7pm 
$6 Draft / $9 Sake / Food","4pm-7pm 
$6 Draft / $9 Sake / Food","4pm-7pm 
$6 Draft / $9 Sake / Food",,,TV'S,Y; By Fat Dogs
Laurel Hardware,,"5pm-6pm
$12-$14 cocktails & food","5pm-6pm
$12-$14 cocktails & food","5pm-6pm
$12-$14 cocktails & food","5pm-6pm
$12-$14 cocktails & food","5pm-6pm
$12-$14 cocktails & food","5pm-6pm
$12-$14 cocktails & food","5pm-6pm
$12-$14 cocktails & food",,
Las Perlas,,"5-8pm bar / 
5-7pm tacos back patio","5-8pm bar / 
5-7pm tacos back patio","5-8pm bar / 
5-7pm tacos back patio","5-8pm bar / 
5-7pm tacos back patio","5-8pm bar / 
5-7pm tacos back patio",,,,N
Madre,,"3-6pm
$9 margaritas / $6 taco apps","3-6pm
$9 margaritas / $6 taco apps","3-6pm
$9 margaritas / $6 taco apps","3-6pm
$9 margaritas / $6 taco apps","3-6pm
$9 margaritas / $6 taco apps",,,,N
Melrose Umbrella Co.,,"5-7pm
$12 cocktails / 
$5 Miller HL","5-7pm
$12 cocktails / 
$5 Miller HL","5-7pm
$12 cocktails / 
$5 Miller HL","5-7pm
$12 cocktails / 
$5 Miller HL","5-7pm
$12 cocktails / 
$5 Miller HL",,,GHOSTS,H'D AF
Mercado,,,5-7pm,5-7pm,5-7pm,4 - 6pm,4 - 6pm,4 - 6pm,,N
Mr. Furleys W 3rd,,"5-9pm
Buy 2 drinks Get 3rd FREE","5-9pm
Buy 2 drinks Get 3rd FREE","5-9pm
Buy 2 drinks Get 3rd FREE","5-9pm
Buy 2 drinks Get 3rd FREE","5-9pm
Buy 2 drinks Get 3rd FREE","5-9pm
Buy 2 drinks Get 3rd FREE","5-9pm
Buy 2 drinks Get 3rd FREE",DARTS; POOL TABLE,M
OR Bar,,"4pm-7pm
$9 Cocktails / $6.50 Beer / $13 Martinis/Negronis","4pm-7pm
$9 Cocktails / $6.50 Beer / $13 Martinis/Negronis","4pm-7pm
$9 Cocktails / $6.50 Beer / $13 Martinis/Negronis","4pm-7pm
$9 Cocktails / $6.50 Beer / $13 Martinis/Negronis","4pm-7pm
$9 Cocktails / $6.50 Beer / $13 Martinis/Negronis",,,,
The Phoenix,,"5pm-8pm
$90 Cocktail Pitchers / $32 Beer Pitchers","5pm-8pm
$90 Cocktail Pitchers / $32 Beer Pitchers","5pm-8pm
$90 Cocktail Pitchers / $32 Beer Pitchers","5pm-8pm
$90 Cocktail Pitchers / $32 Beer Pitchers","5pm-8pm
$90 Cocktail Pitchers / $32 Beer Pitchers",,,,
Phorage Weho,,"3-6pm
$7 Well / $5 Beers & Wine
Martini Mondays 
All Nite $12 All Martinis","3-6pm
$7 Well / $5 Beers & Wine
Tequila & Mezcal 
All Nite Top Shelf Double Pours & $2 off all Tequila/Mezcal","3-6pm
$7 Well / $5 Beers & Wine
Whiskey & Wine 
All Nite Top Shelf Double Pours & $2 off any Whiskey","3-6pm 
$7 Well / $5 Beers & Wine / $2 Off Small Bites","3-6pm 
$7 Well / $5 Beers & Wine / $2 Off Small Bites",,"3-6pm 
$7 Well / $5 Beers & Wine / $2 Off Small Bites",,N
Snake Pit Alehouse,,"3pm - Midnight
$8 wells / 
$6 select beers / food specials","3 - 7pm
$8 wells / 
$6 select beers; $2 Taco Tues / 
$5 Tecate","3 - 7pm
$8 wells / 
$6 select beers / food specials / Weds $6 Buffalo Wings","3 - 7pm
$8 wells / 
$6 select beers / food specials","3 - 7pm
$8 wells / 
$6 select beers / food specials",,"7 - 9pm
$8 wells / 
$6 select beers / food specials",JUKEBOX,N
Surly Goat,,"6pm-8pm
select drafts / wells
Trivia!","6-8pm
select drafts / wells","6-8pm
select drafts / wells
Karaoke!","6-8pm
select drafts / wells","6-8pm
select drafts / wells",,,"DARTS
OUTDOOR PATIO",N
Tacos Tu Madre,,"3pm-6pm
$10 Cocktails / $6 Beers + Food","3pm-6pm
$10 Cocktails / $6 Beers + Food","3pm-6pm
$10 Cocktails / $6 Beers + Food","3pm-6pm
$10 Cocktails / $6 Beers + Food","3pm-6pm
$10 Cocktails / $6 Beers + Food",,,,
The 3rd Stop,,"4 - 7pm; 11pm-1a
$6 draft beer /
$7 wine;
app deals","4 - 7pm; 11pm-1a
$6 draft beer /
$7 wine;
app deals","4 - 7pm; 11pm-1a
$6 draft beer /
$7 wine;
app deals","4 - 7pm; 11pm-1a
$6 draft beer /
$7 wine;
app deals","4 - 7pm; 11pm-1a
$6 draft beer /
$7 wine;
app deals","4 - 7pm; 11pm-1a
$6 draft beer /
$7 wine;
app deals","4 - 7pm; 11pm-1a
$6 draft beer /
$7 wine;
app deals",SPORTS WATCHIN',
Terroni,,"4 - 5:30pm
*Bar & Patio ONLY","4 - 5:30pm
*Bar & Patio ONLY","4 - 5:30pm
*Bar & Patio ONLY","4 - 5:30pm
*Bar & Patio ONLY","4 - 5:30pm
*Bar & Patio ONLY",,,,N
33 Taps,,"3 - 7pm
$5 33T beers / $7 wells / $8 cocktails / $9 food apps","3 - 7pm
$5 33T beers / $7 wells / $8 cocktails / $9 food apps / TACO TUES all day $8 margs + $9 three tacos","3 - 7pm
$5 33T beers / $7 wells / $8 cocktails / $9 food apps","3 - 7pm
$5 33T beers / $7 wells / $8 cocktails / $9 food apps","3 - 7pm
$5 33T beers / $7 wells / $8 cocktails / $9 food apps","9:30pm - close
$5 33T beers / $7 wells / $8 cocktails / $9 food apps","9:30pm - close
$5 33T beers / $7 wells / $8 cocktails / $9 food apps",SPORTS WATCHIN',
,,,,,,,,,,
HOLLYWOOD,,,,,,,,,,
Desert 5,,,,"6 - 8pm /
$6 beer & wine; $12 cocktails; $10 for two tacos","6 - 8pm /
$6 beer & wine; $12 cocktails; $10 for two tacos","6 - 8pm /
$6 beer & wine; $12 cocktails; $10 for two tacos",,,,
Electric Owl,,N/A,N/A,"2 - 5pm; 10 - 11pm
$10 cocktails / 
~$10 apps","2 - 5pm; 10 - 11pm
$10 cocktails / 
~$10 apps","2 - 5pm; 11 - 12am
$10 cocktails / 
~$10 apps","2 - 5pm; 11 - 12am
$10 cocktails / 
~$10 apps","2 - 5pm; 10 - 11pm
$10 cocktails / 
~$10 apps",SPORTS WATCHIN',N
Good Times at Davey Wayne's,,"4 - 6pm /
$10 cocktails; $8 wines; $5-7 cans","4 - 6pm /
$10 cocktails; $8 wines; $5-7 cans","4 - 6pm /
$10 cocktails; $8 wines; $5-7 cans","4 - 6pm /
$10 cocktails; $8 wines; $5-7 cans","4 - 6pm /
$10 cocktails; $8 wines; $5-7 cans","4 - 6pm /
$10 cocktails; $8 wines; $5-7 cans","4 - 6pm /
$10 cocktails; $8 wines; $5-7 cans",DANCING,
Jay's Bar,,"4 - 7pm / 
$5 wells /
$7 select drafts","4 - 7pm / 
$5 wells /
$7 select drafts","4 - 7pm / 
$5 wells /
$7 select drafts","4 - 7pm / 
$5 wells /
$7 select drafts","4 - 7pm / 
$5 wells /
$7 select drafts",,,,
Mother Tongue,,,,"4 - 6pm /
$10 cocktails & wine; $5 beers; $4 - 8 bar bites","4 - 6pm /
$10 cocktails & wine; $5 beers; $4 - 8 bar bites","4 - 6pm /
$10 cocktails & wine; $5 beers; $4 - 8 bar bites","4 - 6pm /
$10 cocktails & wine; $5 beers; $4 - 8 bar bites","4 - 6pm /
$10 cocktails & wine; $5 beers; $4 - 8 bar bites",,
Power House,,"4 - 7pm / 
$7 wells /
$9 Marg & Old Fashioned","4 - 7pm / 
$7 wells /
$9 Marg & Old Fashioned","4 - 7pm / 
$7 wells /
$9 Marg & Old Fashioned","4 - 7pm / 
$7 wells /
$9 Marg & Old Fashioned","4 - 7pm / 
$7 wells /
$9 Marg & Old Fashioned","4 - 7pm / 
$7 wells /
$9 Marg & Old Fashioned","4 - 7pm / 
$7 wells /
$9 Marg & Old Fashioned",,
Sunset Vinyl,,"7 - 8pm /
$5 wells","7 - 8pm /
$5 wells","7 - 8pm /
$5 wells","7 - 8pm /
$5 wells","7 - 8pm /
$5 wells","7 - 8pm /
$5 wells","7 - 8pm /
$5 wells",QUEUEING RECORDS,
The Well,,5 - 8pm,"5-8pm / 
Trivia",5 - 8pm,5 - 8pm,5 - 8pm,,,JUKEBOX,
,,,,,,,,,,
MID-CITY / WEST ADAMS / KOREATOWN,,,,,,,,,,
All Seasons Brewing,,3pm-7pm / Beer & Shot Specials,3pm-7pm / Beer & Shot Specials,3pm-7pm / Beer & Shot Specials,3pm-7pm / Beer & Shot Specials,3pm-7pm / Beer & Shot Specials,,,SKEE-BALL,
Breakroom 86,,,"9pm-10pm
BUY ONE GET ONE FREE DRINKS!","9pm-10pm
BUY ONE GET ONE FREE DRINKS!","9pm-10pm
BUY ONE GET ONE FREE DRINKS!",,,,,
Delicious Pizza,,4 - 6pm; 50% off whole pizzas + draft and wine deals ,4 - 6pm; 50% off whole pizzas + draft and wine deals ,4 - 6pm; 50% off whole pizzas + draft and wine deals ,4 - 6pm; 50% off whole pizzas + draft and wine deals ,N/A,N/A,N/A,,
Escala,,"4 - 7pm; 11 - 1am
$7 Beer; $7 wines & wells; 
$7 old fashioneds; 
select food ","4 - 7pm; 11 - 1am
$7 Beer; $7 wines & wells; 
$7 old fashioneds; 
select food ","4 - 7pm; 11 - 1am
$7 Beer; $7 wines & wells; 
$7 old fashioneds; 
select food ","4 - 7pm; 11 - 1am
$7 Beer; $7 wines & wells; 
$7 old fashioneds; 
select food ","4 - 7pm
$7 Beer; $7 wines & wells; 
$7 old fashioneds; 
select food ","4 - 7pm
$7 Beer; $7 wines & wells; 
$7 old fashioneds; 
select food ","4 - 7pm; 11 - 1am
$7 Beer; $7 wines & wells; 
$7 old fashioneds; 
select food ",,
Founders Ale House,,"12 - 7pm / 
$5 HH food
 $12 cocktails & 
$6 beer","12 - 7pm / 
$5 HH food
 $12 cocktails & 
$6 beer","12 - 7pm / 
$5 HH food
 $12 cocktails & 
$6 beer","12 - 7pm / 
$5 HH food
 $12 cocktails & 
$6 beer","12 - 7pm / 
$5 HH food
 $12 cocktails & 
$6 beer","12 - 7pm / 
$5 HH food
 $12 cocktails & 
$6 beer","12 - 7pm / 
$5 HH food
 $12 cocktails & 
$6 beer","SPORTS WATCHIN'; 
NFL BLITZ",
Frank 'n Hanks,,"6pm-8pm
$4 PBR Tall Boys","6pm-8pm
$4 PBR Tall Boys","6pm-8pm
$4 PBR Tall Boys","6pm-8pm
$4 PBR Tall Boys","6pm-8pm
$4 PBR Tall Boys","6pm-8pm
$4 PBR Tall Boys","6pm-8pm
$4 PBR Tall Boys",POOL TABLE,Y
The Bar at Johnny's,,,,,,,,,,
Little Bar,,"2 - 8pm / 
$7 Wells, Beer & Wine","2 - 8pm / 
$7 Wells, Beer & Wine","2 - 8pm / 
$7 Wells, Beer & Wine","2 - 8pm / 
$7 Wells, Beer & Wine","2 - 8pm / 
$7 Wells, Beer & Wine","2 - 8pm / 
$7 Wells, Beer & Wine","2 - 8pm / 
$7 Wells, Beer & Wine",,
Lobby Bar @ The Line,,"3pm-7pm
$8 well/beer/wine","3pm-7pm
$8 well/beer/wine","3pm-7pm
$8 well/beer/wine","3pm-7pm
$8 well/beer/wine","3pm-7pm
$8 well/beer/wine","3pm-7pm
$8 well/beer/wine","3pm-7pm
$8 well/beer/wine",,
The Normandie Club,,"6 - 8pm
$12 House Cocktails; $7 Bartender’s Choice","6 - 8pm
$12 House Cocktails; $7 Bartender’s Choice","6 - 8pm
$12 House Cocktails; $7 Bartender’s Choice","6 - 8pm
$12 House Cocktails; $7 Bartender’s Choice","6 - 8pm
$12 House Cocktails; $7 Bartender’s Choice","6 - 8pm
$12 House Cocktails; $7 Bartender’s Choice","6 - 8pm
$12 House Cocktails; $7 Bartender’s Choice",,
,,,,,,,,,,
DTLA,,,,,,,,,,
Arts District Brewing Co,,"3 - 7pm / 
$5 select beers / 
FREE SKEEBALL","3 - 7pm / 
$5 select beers / $7 wells","3 - 7pm / 
$5 select beers / $7 wells","3 - 7pm / 
$5 select beers / $7 wells","3 - 7pm / 
$5 select beers / $7 wells",N/A,N/A,"Skeeball (free all Mon); 
SPORTS WATCHIN'",
Beelman's Pub,,"4 - 7pm / 
$11 Cocktails; $8 wine; $6 beer; Select Food & Apps","4 - 7pm / 
$11 Cocktails; $8 wine; $6 beer; Select Food & Apps","4 - 7pm / 
$11 Cocktails; $8 wine; $6 beer; Select Food & Apps","4 - 7pm / 
$11 Cocktails; $8 wine; $6 beer; Select Food & Apps","4 - 7pm / 
$11 Cocktails; $8 wine; $6 beer; Select Food & Apps",N/A,N/A,,
Broken Shaker,,"3 - 6pm / 
$14 Cocktails; $10 wine; $6 beer; Select Food & Apps","3 - 6pm / 
$14 Cocktails; $10 wine; $6 beer; Select Food & Apps","3 - 6pm / 
$14 Cocktails; $10 wine; $6 beer; Select Food & Apps","3 - 6pm / 
$14 Cocktails; $10 wine; $6 beer; Select Food & Apps",N/A,N/A,N/A,VIEWS,
Everson Royce Bar,,,"4 - 6pm / 
$11 cocktails; $6-7 beers / 
$8 wine /
$10ish food","4 - 6pm / 
$11 cocktails; $6-7 beers / 
$8 wine /
$10ish food","4 - 6pm / 
$11 cocktails; $6-7 beers / 
$8 wine /
$10ish food","4 - 6pm / 
$11 cocktails; $6-7 beers / 
$8 wine /
$10ish food","2 - 6pm / 
$11 cocktails; $6-7 beers / 
$8 wine /
$10ish food","2 - 6pm / 
$11 cocktails; $6-7 beers / 
$8 wine /
$10ish food",OUTDOOR PATIO,
Far Bar,,"3 - 7pm / 
$11 Cocktails; Select Food & Apps","3 - 7pm / 
$11 Cocktails; Select Food & Apps","3 - 7pm / 
$11 Cocktails; Select Food & Apps","3 - 7pm / 
$11 Cocktails; Select Food & Apps","3 - 7pm / 
$11 Cocktails; Select Food & Apps",N/A,N/A,SPORTS WATCHIN',
Golden Gopher,,"3 - 8pm / 
$9 Cocktails; $6 wells; $5 beer","3 - 8pm / 
$9 Cocktails; $6 wells; $5 beer","3 - 8pm / 
$9 Cocktails; $6 wells; $5 beer","3 - 8pm / 
$9 Cocktails; $6 wells; $5 beer","3 - 8pm / 
$9 Cocktails; $6 wells; $5 beer","3 - 8pm / 
$9 Cocktails; $6 wells; $5 beer","3 - 8pm / 
$9 Cocktails; $6 wells; $5 beer","POOL TABLE; 
OUTDOOR PATIO",
Joey DTLA,,"3 - 6pm / 
$4 off drinks and dishes","3 - 6pm / 
$4 off drinks and dishes","3 - 6pm / 
$4 off drinks and dishes","3 - 6pm / 
$4 off drinks and dishes","3 - 6pm / 
$4 off drinks and dishes","3 - 6pm / 
$4 off drinks and dishes","3 - 6pm / 
$4 off drinks and dishes",OUTDOOR PATIO,
Perch,,"4 - 6pm / 
$9 Cocktails; $7 wine; $5 beer; Select Food & Apps","4 - 6pm / 
$9 Cocktails; $7 wine; $5 beer; Select Food & Apps","4 - 6pm / 
$9 Cocktails; $7 wine; $5 beer; Select Food & Apps","4 - 6pm / 
$9 Cocktails; $7 wine; $5 beer; Select Food & Apps","4 - 6pm / 
$9 Cocktails; $7 wine; $5 beer; Select Food & Apps",N/A,N/A,VIEWS,
33 Taps,,"3 - 7pm
$5 33T beers / $7 wells / $8 cocktails / $9 food apps","3 - 7pm
$5 33T beers / $7 wells / $8 cocktails / $9 food apps / TACO TUES all day $8 margs + $9 three tacos","3 - 7pm
$5 33T beers / $7 wells / $8 cocktails / $9 food apps","3 - 7pm
$5 33T beers / $7 wells / $8 cocktails / $9 food apps","3 - 7pm
$5 33T beers / $7 wells / $8 cocktails / $9 food apps","9:30pm - close
$5 33T beers / $7 wells / $8 cocktails / $9 food apps","9:30pm - close
$5 33T beers / $7 wells / $8 cocktails / $9 food apps",SPORTS WATCHIN',
,,,,,,,,,,
CULVER / WEST LA,,,,,,,,,,
Bigfoot West,,"5 - 8pm /
 $6 cocktails & draft beer","5 - 8pm /
 $6 cocktails & 
draft beer
Trivia 9pm","5 - 8pm /
 $6 cocktails & draft beer","5 - 8pm /
 $6 cocktails & draft beer","5 - 8pm /
 $6 cocktails & draft beer","5 - 8pm /
 $6 cocktails & draft beer","5 - 8pm /
 $6 cocktails & draft beer",,
Maple Block Meat Co.,,"5 - 6:30pm
$5 House Cocktails; $5 Beer; $6 Wine; $8 Wings","5 - 6:30pm
$5 House Cocktails; $5 Beer; $6 Wine; $8 Wings","5 - 6:30pm
$5 House Cocktails; $5 Beer; $6 Wine; $8 Wings","5 - 6:30pm
$5 House Cocktails; $5 Beer; $6 Wine; $8 Wings",N/A,N/A,N/A,,
Nickel Mine,,"5 - 8pm / 
$6 drinks","5 - 8pm / 
$6 drinks","5 - 8pm / 
$6 drinks","5 - 8pm / 
$6 drinks","5 - 8pm / 
$6 drinks",N/A,"4 - 8pm / 
$6 drinks",TABLE GAMES; SPORTS-WATCHIN',
Oldfield's Liquor Room,,"5 - 7pm /
 $10 cocktails, 
$9 wine, 
$6 draft beer","5 - 7pm /
 $10 cocktails, 
$9 wine, 
$6 draft beer","5 - 7pm /
 $10 cocktails, 
$9 wine, 
$6 draft beer
Jazz Trio","5 - 7pm /
 $10 cocktails, 
$9 wine, 
$6 draft beer
Jazz Trio","5 - 7pm /
 $10 cocktails, 
$9 wine, 
$6 draft beer","5 - 7pm /
 $10 cocktails, 
$9 wine, 
$6 draft beer","5 - 7pm /
 $10 cocktails, 
$9 wine, 
$6 draft beer",LIVE MUSIC,
Q's Billiards,,"4 - 7pm / 
$2 off beers + wells; Select food specials","4 - 7pm / 
$2 off beers + wells; Select food specials","4 - 7pm / 
$2 off beers + wells; Select food specials","4 - 7pm / 
$2 off beers + wells; Select food specials","4 - 7pm / 
$2 off beers + wells; Select food specials",,,"POOL TABLE; 
OUTDOOR PATIO; SPORTS WATCHIN'",
33 Taps,,"3 - 7pm
$5 33T beers / $7 wells / $8 cocktails / $9 food apps","3 - 7pm
$5 33T beers / $7 wells / $8 cocktails / $9 food apps / TACO TUES all day $8 margs + $9 three tacos","3 - 7pm
$5 33T beers / $7 wells / $8 cocktails / $9 food apps","3 - 7pm
$5 33T beers / $7 wells / $8 cocktails / $9 food apps","3 - 7pm
$5 33T beers / $7 wells / $8 cocktails / $9 food apps","9:30pm - close
$5 33T beers / $7 wells / $8 cocktails / $9 food apps","9:30pm - close
$5 33T beers / $7 wells / $8 cocktails / $9 food apps",SPORTS WATCHIN',
,,,,,,,,,,
SANTA MONICA / VENICE,,,,,,,,,,
Cabo Cantina,,"4 - 8pm / 10:30p - 12:30a /
 2-for-1 HH drinks","4 - 8pm / 10:30p - 12:30a /
 2-for-1 HH drinks","4 - 8pm / 10:30p - 12:30a /
 2-for-1 HH drinks","4 - 8pm / 10:30p - 12:30a /
 2-for-1 HH drinks","4 - 8pm / 10:30p - 12:30a /
 2-for-1 HH drinks","4 - 8pm / 10:30p - 12:30a /
 2-for-1 HH drinks","4 - 8pm / 10:30p - 12:30a /
 2-for-1 HH drinks",,
The Craftsman,,"7-8pm
$8 wells, wine & cocktails /
$10 Moscow Mules 8pm-2am",ALL NIGHT!,"7-8pm
$8 wells, wine & cocktails","7-8pm
$8 wells, wine & cocktails","5-8pm
$8 wells, wine & cocktails","5-8pm
$8 wells, wine & cocktails","7-8pm
$8 wells, wine & cocktails",SHUFFLEBOARD,Y (by our youth)
Duke's Malibu,,"4- 9pm
$5 Draft Beer; $7 Wine; $2 Off All Appetizers, $4 Off Select Entrees","4- 6pm
$5 Draft Beer; $7 Wine; $2 Off All Appetizers, $4 Off Select Entrees; TACO TUESDAY","4- 6pm
$5 Draft Beer; $7 Wine; $2 Off All Appetizers, $4 Off Select Entrees","4- 6pm
$5 Draft Beer; $7 Wine; $2 Off All Appetizers, $4 Off Select Entrees","4- 6pm
$5 Draft Beer; $7 Wine; $2 Off All Appetizers, $4 Off Select Entrees",N/A,N/A,,
Gin Rummy,,"4- 6pm
$10 daiquiris; $8 wines; $5 beer; $8 - 10 bar bites","4- 6pm
$10 daiquiris; $8 wines; $5 beer; $8 - 10 bar bites","4- 6pm
$10 daiquiris; $8 wines; $5 beer; $8 - 10 bar bites","4- 6pm
$10 daiquiris; $8 wines; $5 beer; $8 - 10 bar bites","4- 6pm
$10 daiquiris; $8 wines; $5 beer; $8 - 10 bar bites","4- 6pm
$10 daiquiris; $8 wines; $5 beer; $8 - 10 bar bites","4- 6pm
$10 daiquiris; $8 wines; $5 beer; $8 - 10 bar bites",,
The Misfit,,"12pm-7pm
50% off cocktails, spirits & wines","12pm-7pm
50% off cocktails, spirits & wines","12pm-7pm
50% off cocktails, spirits & wines","12pm-7pm
50% off cocktails, spirits & wines","12pm-7pm
50% off cocktails, spirits & wines","12pm-7pm
50% off cocktails, spirits & wines","12pm-7pm
50% off cocktails, spirits & wines",,Y 
The Santa Monica Whaler,,3pm-6pm / Patio HH: 12pm-3pm,3pm-6pm / Patio HH: 12pm-3pm,3pm-6pm / Patio HH: 12pm-3pm,3pm-6pm / Patio HH: 12pm-3pm,N/A,N/A,N/A,DANCING,Y (by Makai)
The Waterfront Venice,,N/A,N/A,"3-7pm
BUY ONE, GET ONE FREE","3-7pm
BUY ONE, GET ONE FREE","3-7pm
BUY ONE, GET ONE FREE",N/A,N/A,,N
Tavern on Main,,"4- 6pm
$9 cocktails; $7 wells; $6 drafts; $4 -10 bar bites","4- 6pm
$9 cocktails; $7 wells; $6 drafts; $4 -10 bar bites","4- 6pm
$9 cocktails; $7 wells; $6 drafts; $4 -10 bar bites","4- 6pm
$9 cocktails; $7 wells; $6 drafts; $4 -10 bar bites","4- 6pm
$9 cocktails; $7 wells; $6 drafts; $4 -10 bar bites","4- 6pm
$9 cocktails; $7 wells; $6 drafts; $4 -10 bar bites","4- 6pm
$9 cocktails; $7 wells; $6 drafts; $4 -10 bar bites",SPORTS WATCHIN'; OUTDOOR PATIO w/ TVs,N
,,,,,,,,,,
SILVERLAKE / LOS FELIZ / HIGHLAND PARK,,,,,,,,,,
Bacari Silverlake,,"5 - 7pm
$8 wine/sangria; $6 beers /
$2 off food","5 - 7pm
$8 wine/sangria; $6 beers /
$2 off food","5 - 7pm
$8 wine/sangria; $6 beers /
$2 off food","5 - 7pm
$8 wine/sangria; $6 beers /
$2 off food","4 - 7pm
$8 wine/sangria; $6 beers /
$2 off food",N/A,N/A,,
Barcade,,"4 - 6pm /
$1 off beer, wine, & well","4 - 6pm /
$1 off beer, wine, & well","4 - 6pm /
$1 off beer, wine, & well","4 - 6pm /
$1 off beer, wine, & well","4 - 6pm /
$1 off beer, wine, & well",N/A,N/A,ARCADE GAMES,
Bar Bandini,,"4 - 6pm
$8 Select Wine; $5 Select Beer; $12 Cheese Board","4 - 6pm
$8 Select Wine; $5 Select Beer; $12 Cheese Board","4 - 6pm
$8 Select Wine; $5 Select Beer; $12 Cheese Board","4 - 6pm
$8 Select Wine; $5 Select Beer; $12 Cheese Board","4 - 6pm
$8 Select Wine; $5 Select Beer; $12 Cheese Board",N/A,N/A,,
Bar Henry,,"5 - 7pm
$9 cocktails; $5 canned beers","5 - 7pm
$9 cocktails; $5 canned beers","5 - 7pm
$9 cocktails; $5 canned beers","5 - 7pm
$9 cocktails; $5 canned beers","5 - 7pm
$9 cocktails; $5 canned beers","5 - 7pm
$9 cocktails; $5 canned beers","5 - 7pm
$9 cocktails; $5 canned beers",LATE DJ / MUSIC,
Bigfoot Lodge,,"5 - 8pm /
 $6 cocktails & draft beer","5 - 8pm /
 $6 cocktails & draft beer","5 - 8pm /
 $6 cocktails & 
draft beer
Trivia 9pm","5 - 8pm /
 $6 cocktails & draft beer","5 - 8pm /
 $6 cocktails & draft beer","5 - 8pm /
 $6 cocktails & draft beer","5 - 8pm /
 $6 cocktails & draft beer",,
Cha Cha Lounge,,"5 - 9pm /
 $6 wells & 
$5 draft PBR","5 - 9pm /
 $6 wells & 
$5 draft PBR","5 - 9pm /
 $6 wells & 
$5 draft PBR","5 - 9pm /
 $6 wells & 
$5 draft PBR","5 - 9pm /
 $6 wells & 
$5 draft PBR","5 - 9pm /
 $6 wells & 
$5 draft PBR","5 - 9pm /
 $6 wells & 
$5 draft PBR",FOOSBALL TABLES; PHOTOBOOTH,
Club Tee Gee,,Open - 7pm,Open - 7pm,Open - 7pm,Open - 7pm,Open - 7pm,Open - 7pm,Open - 7pm,"COMEDY, EVENTS & MUSIC;
OUTDOOR PATIO",
Encanto,,"4 - 6pm /
 $6 beer / 10 cocktails & 
$10 tacos","4 - 6pm /
 $10 cocktails & 
$10 tacos","4 - 6pm /
 $6 beer / 10 cocktails & 
$10 tacos","4 - 6pm /
 $6 beer / 10 cocktails & 
$10 tacos","4 - 6pm /
 $6 beer / 10 cocktails & 
$10 tacos","4 - 6pm /
 $6 beer / 10 cocktails & 
$10 tacos","4 - 6pm /
 $6 beer / 10 cocktails & 
$10 tacos",,
The Friend,,"7 - 9pm /
 $8 cocktails; $6 wine; $5 beer","7 - 9pm /
 $8 cocktails; $6 wine; $5 beer","7 - 9pm /
 $8 cocktails; $6 wine; $5 beer","7 - 9pm /
 $8 cocktails; $6 wine; $5 beer","7 - 9pm /
 $8 cocktails; $6 wine; $5 beer","7 - 9pm /
 $8 cocktails; $6 wine; $5 beer","7 - 9pm /
 $8 cocktails; $6 wine; $5 beer",DJ  ,
The Greyhound,,"3 - 6:30pm + ""Blue Hour"" during all Dodgers games /
 $8 wells; $6 beers; $2 off cocktails + Select Foods","3 - 6:30pm + ""Blue Hour"" during all Dodgers games /
 $8 wells; $6 beers; $2 off cocktails + Select Foods","3 - 6:30pm + ""Blue Hour"" during all Dodgers games /
 $8 wells; $6 beers; $2 off cocktails + Select Foods","3 - 6:30pm + ""Blue Hour"" during all Dodgers games /
 $8 wells; $6 beers; $2 off cocktails + Select Foods","3 - 6:30pm + ""Blue Hour"" during all Dodgers games /
 $8 wells; $6 beers; $2 off cocktails + Select Foods","""Blue Hour"" during all Dodgers games","""Blue Hour"" during all Dodgers games",SPORTS WATCHIN',
La Cuevita,,"3 - 8pm
$7 cocktails","3 - 8pm
$7 cocktails","3 - 8pm
$7 cocktails","3 - 8pm
$7 cocktails","3 - 8pm
$7 cocktails","3 - 8pm
$7 cocktails","3 - 8pm
$7 cocktails",JAZZ ON SUNDAYS,
Link N Hops,,"3 - 7pm
$2 off all draft beers","3 - 7pm
$2 off all draft beers","3 - 7pm
$2 off all draft beers","3 - 7pm
$2 off all draft beers",N/A,N/A,N/A,,
High Low,,"4 - 7pm /
 $9 cocktails & 
$7 beer","4 - 7pm /
 $9 cocktails & 
$7 beer","4 - 7pm /
 $9 cocktails & 
$7 beer","4 - 7pm /
 $9 cocktails & 
$7 beer","4 - 7pm /
 $9 cocktails & 
$7 beer","1 - 5pm /
 $9 cocktails & 
$7 beer","1 - 5pm /
 $9 cocktails & 
$7 beer",BILLIARDS; SPORTS WATCHIN; DJ & CONCERT EVENTS,
Hi Tops LF,,"3 - 7pm
$6 beer / wine / wells / bubbly","3 - 7pm
$6 beer / wine / wells / bubbly","3 - 7pm
$6 beer / wine / wells / bubbly","3 - 7pm
$6 beer / wine / wells / bubbly","3 - 7pm
$6 beer / wine / wells / bubbly",N/A,N/A,SPORTS WATCHIN',
HOME,,"3 - 7pm
$9 beer, wine & cocktails / $9 food apps","3 - 7pm
$9 beer, wine & cocktails / $9 food apps","ALL DAY
$9 beer, wine & cocktails / $9 food apps","3 - 7pm
$9 beer, wine & cocktails / $9 food apps","3 - 7pm
$9 beer, wine & cocktails / $9 food apps",N/A,"5pm - Close
$9 beer, wine & cocktails / $9 food apps",,
Justine's Wine Bar,,N/A,"5 - 7pm
$12 cocktails / $5 select beer / food","ALL NIGHT
$12 cocktails / $5 select beer / food","5 - 7pm
$12 cocktails / $5 select beer / food","5 - 7pm
$12 cocktails / $5 select beer / food","5 - 7pm
$12 cocktails / $5 select beer / food","5 - 7pm
$12 cocktails / $5 select beer / food",,
Kombu Sushi,,"3 - 6pm
$5 beer & sake / $10 wine & cocktails / $7 hand rolls","3 - 6pm
$5 beer & sake / $10 wine & cocktails / $7 hand rolls","3 - 6pm
$5 beer & sake / $10 wine & cocktails / $7 hand rolls","3 - 6pm
$5 beer & sake / $10 wine & cocktails / $7 hand rolls","3 - 6pm
$5 beer & sake / $10 wine & cocktails / $7 hand rolls",,,,
Mess Hall,,"3 - 6pm
$6 beer & sake / $10 cocktails / $7 select food","3 - 6pm
$6 beer & sake / $10 cocktails / $7 select food","3 - 6pm
$6 beer & sake / $10 cocktails / $7 select food","3 - 6pm
$6 beer & sake / $10 cocktails / $7 select food","3 - 6pm
$6 beer & sake / $10 cocktails / $7 select food",N/A,N/A,,
Morrison,,"12 - 6pm / 
$9 HH food
 $9 cocktails & 
$6 beer","12 - 6pm  /
50% off Tequila Tues","12 - 6pm / 
$9 HH food
 $9 cocktails & 
$6 beer","12 - 6pm / 
$9 HH food
 $9 cocktails & 
$6 beer","12 - 6pm / 
$9 HH food
 $9 cocktails & 
$6 beer","12 - 6pm / 
$9 HH food
 $9 cocktails & 
$6 beer","2 - 6pm / 
$9 HH food
 $9 cocktails & 
$6 beer",SPORTS WATCHIN',
Red Lion Tavern,,"12 - 6pm / 
$6 - 7 draft / wine
$6 well liquor","12 - 6pm / 
$6 - 7 draft beer
$6 well liquor","12 - 6pm / 
$6 - 7 draft beer
$6 well liquor","12 - 6pm / 
$6 - 7 draft beer
$6 well liquor","12 - 6pm / 
$6 - 7 draft / wine
$6 well liquor",,,SPORTS WATCHIN',
Thirsty Crow,,5 - 8pm,5 - 8pm,5 - 8pm,5 - 8pm,5 - 8pm,2 - 8pm,5 - 8pm,DJ & CONCERT EVENTS,
Verdugo Bar,,"6 - 8pm /
 $2 off 
selected drafts /
$4 wells","6 - 8pm /
 $2 off 
selected drafts /
$4 wells","6 - 8pm /
 $2 off 
selected drafts /
$4 wells","6 - 8pm /
 $2 off 
selected drafts /
$4 wells","6 - 8pm /
 $2 off 
selected drafts /
$4 wells",,,SPORTS WATCHIN',
33 Taps,,"3 - 7pm
$5 33T beers / $7 wells / $8 cocktails / $9 food apps","3 - 7pm
$5 33T beers / $7 wells / $8 cocktails / $9 food apps / TACO TUES all day $8 margs + $9 three tacos","3 - 7pm
$5 33T beers / $7 wells / $8 cocktails / $9 food apps","3 - 7pm
$5 33T beers / $7 wells / $8 cocktails / $9 food apps","3 - 7pm
$5 33T beers / $7 wells / $8 cocktails / $9 food apps","9:30pm - close
$5 33T beers / $7 wells / $8 cocktails / $9 food apps","9:30pm - close
$5 33T beers / $7 wells / $8 cocktails / $9 food apps",SPORTS WATCHIN',
,,,,,,,,,,
NOHO / BURBANK / THE VALLEY,,,,,,,,,,
Aikan Sushi,,"2 - 5pm
$2 beers / $2 sushi","2 - 5pm
$2 beers / $2 sushi","2 - 5pm
$2 beers / $2 sushi","2 - 5pm
$2 beers / $2 sushi",,,,,
Broken Compass,,"2 - 5pm
$9 sliders & apps","2 - 5pm
$9 sliders & apps","2 - 5pm
$9 sliders & apps","2 - 5pm
$9 sliders & apps","2 - 5pm
$9 sliders & apps",,,,
Finney's,,"2 - 5pm
$6 beers / $7 wine & wells;
various $6 apps","2 - 5pm
$6 beers / $7 wine & wells;
various $6 apps","2 - 5pm
$6 beers / $7 wine & wells;
various $6 apps","2 - 5pm
$6 beers / $7 wine & wells;
various $6 apps","2 - 5pm
$6 beers / $7 wine & wells;
various $6 apps",,,,
General Admission,,"4 - 7pm
$6 HUGE draft selection beers / $9 sliders & apps","4 - 7pm
$6 HUGE draft selection beers / $9 sliders & apps","ALL DAY&NIGHT!
$6 HUGE draft selection beers / $9 sliders & apps / Trivia","4 - 7pm
$6 HUGE draft selection beers / $9 sliders & apps","4 - 7pm
$6 HUGE draft selection beers / $9 sliders & apps",,,,N
El Tejano,,"3 - 7pm / 9p- 12a
$10 cocktails; 
$5 select beers & bites","3 - 7pm / 9p- 12a
$10 cocktails; 
$5 select beers & bites","3 - 7pm / 9p- 12a
$10 cocktails; 
$5 select beers & bites","3 - 7pm / 9p- 12a
$10 cocktails; 
$5 select beers & bites","3 - 7pm / 
$10 cocktails; 
$5 select beers & bites","3 - 7pm / 
$10 cocktails; 
$5 select beers & bites","3 - 7pm / 9p- 12a
$10 cocktails; 
$5 select beers & bites",,
Idle Hour,,"3 - 6pm / 
$7 cocktails; 
$6 bites","3 - 6pm / 
Trivia / 
$7 cocktails; 
$6 bites","3 - 6pm / 
$7 cocktails; 
$6 bites","3 - 6pm / 
$7 cocktails; 
$6 bites","3 - 6pm / 
$7 cocktails; 
$6 bites","1 - 6pm / 
$7 cocktails; 
$6 bites","3 - 6pm / 
$7 cocktails; 
$6 bites",,
Islands,,"3 - 6:30pm / 
$7 cocktails; 
$6 bites","3 - 6:30pm / 
$7 cocktails; 
$6 bites","3 - 6:30pm / 
$7 cocktails; 
$6 bites","3 - 6:30pm / 
$7 cocktails; 
$6 bites","3 - 6:30pm / 
$7 cocktails; 
$6 bites",,,SPORTS WATCHIN',
Tiki No,,10pm - 12am ,10pm - 12am ,10pm - 12am ,10pm - 12am ,6 - 8pm ,6 - 8pm ,10pm - 12am ,,
Over / Under,,"2 - 6pm
$6 beers / $7 wine & wells;
various $6 apps","2 - 6pm
$6 beers / $7 wine & wells;
various $6 apps","2 - 6pm
$6 beers / $7 wine & wells;
various $6 apps","2 - 6pm
$6 beers / $7 wine & wells;
various $6 apps","2 - 6pm
$6 beers / $7 wine & wells;
various $6 apps",,,,
,,,,,,,,,,
GLENDALE / PASADENA / EAGLE ROCK,,,,,,,,,,
Anayas,,"4 - 6pm / 
$10 margaritas / mojitos; $24 Draft Pitchers; 
appetizer deals","4 - 6pm / 
$10 margaritas / mojitos; $24 Draft Pitchers; 
appetizer deals","4 - 6pm / 
$10 margaritas / mojitos; $24 Draft Pitchers; 
appetizer deals","4 - 6pm / 
$10 margaritas / mojitos; $24 Draft Pitchers; 
appetizer deals","4 - 6pm / 
$10 margaritas / mojitos; $24 Draft Pitchers; 
appetizer deals",N/A,N/A,,
Blind Donkey,,"5 - 7pm / 
$2 off Well Drinks; $1 off select draft & wine ","5 - 7pm / 
$2 off Well Drinks; $1 off select draft & wine ","5 - 7pm / 
$2 off Well Drinks; $1 off select draft & wine ","5 - 7pm / 
$2 off Well Drinks; $1 off select draft & wine ","5 - 7pm / 
$2 off Well Drinks; $1 off select draft & wine ","1 - 4pm / 
$2 off Well Drinks; $1 off select draft & wine ","1 - 4pm / 
$2 off Well Drinks; $1 off select draft & wine ",SPORTS WATCHIN',
Cervercería Del Pueblo,,N/A,"4 - 6pm / 
$5 Pints","4 - 6pm / 
$5 Pints","4 - 6pm / 
$5 Pints","4 - 6pm / 
$5 Pints",N/A,N/A,,
California Pizza Kitchen,,"3 - 5pm / 
Pizza & Beer $6; 1/2 off all Drinks + Starters","3 - 5pm / 
Pizza & Beer $6; 1/2 off all Drinks + Starters","3 - 5pm / 
Pizza & Beer $6; 1/2 off all Drinks + Starters","3 - 5pm / 
Pizza & Beer $6; 1/2 off all Drinks + Starters","3 - 5pm / 
Pizza & Beer $6; 1/2 off all Drinks + Starters",N/A,N/A,,
Craft by Smoke and Fire,,"2 - 6pm; 9 - 10pm / Buy One Get One - All Cocktails, Beer & Wine","2 - 6pm; 9 - 10pm / Buy One Get One - All Cocktails, Beer & Wine","2 - 6pm; 9 - 10pm / Buy One Get One - All Cocktails, Beer & Wine","2 - 6pm; 9 - 10pm / Buy One Get One - All Cocktails, Beer & Wine","2 - 6pm; 9p - 12am / Buy One Get One - All Cocktails, Beer & Wine","9p - 12am / 
Buy One Get One - All Cocktails, Beer & Wine","9 - 10pm / 
Buy One Get One - All Cocktails, Beer & Wine",,
Damon's,,"3 - 6pm / 
$9-10 Mai Tai; Chi Chi; Rum Dole Whip","3 - 6pm / 
$9-10 Mai Tai; Chi Chi; Rum Dole Whip","3 - 6pm / 
$9-10 Mai Tai; Chi Chi; Rum Dole Whip","3 - 6pm / 
$9-10 Mai Tai; Chi Chi; Rum Dole Whip","3 - 6pm / 
$9-10 Mai Tai; Chi Chi; Rum Dole Whip",,,,
Der Wolf,,"5 - 7pm; 
$5 well drinks; $2 off cocktails, wine and draft beer; select appetizers","5 - 7pm; 
$5 well drinks; $2 off cocktails, wine and draft beer; select appetizers","5 - 7pm; 
$5 well drinks; $2 off cocktails, wine and draft beer; select appetizers","5 - 7pm; 
$5 well drinks; $2 off cocktails, wine and draft beer; select appetizers","2 - 7pm; 
$5 well drinks; $2 off cocktails, wine and draft beer; select appetizers",N/A,N/A,,
Edwin Mills by Equator,,"4pm - Close; 
Half Price All Appetizers & Alcohol","4pm - Close; 
$3 Martinis, Mixed Drinks, Bottled & Can Beers","4pm - Close; 
Half Price All Wine, Bubbly & Sake","4pm - Close; 
$3 Martinis, Mixed Drinks, Bottled & Can Beers","4 - 7pm; 
$3 Martinis, Mixed Drinks, Bottled & Can Beers","11 - 4pm; 
$18 Bottomless Mimosas w/ Brunch","11 - 4pm; 
$18 Bottomless Mimosas w/ Brunch",LIVE MUSIC,
The Fable,,5 - 7pm / $2 off beer; $3 off wine; $7 wells; $9 cocktails,5 - 7pm / $2 off beer; $3 off wine; $7 wells; $9 cocktails,5 - 7pm / $2 off beer; $3 off wine; $7 wells; $9 cocktails,5 - 7pm / $2 off beer; $3 off wine; $7 wells; $9 cocktails,5 - 7pm / $2 off beer; $3 off wine; $7 wells; $9 cocktails,5 - 7pm / $2 off beer; $3 off wine; $7 wells; $9 cocktails,5 - 7pm / $2 off beer; $3 off wine; $7 wells; $9 cocktails,,
Glendale Tap,,N/A,"6 - 9pm / 
$1 off all draft",N/A,N/A,N/A,"1 - 4pm / 
$1 off all draft ","1 - 4pm / 
$1 off all draft ","POOL TABLE; 
OUTDOOR PATIO w/ TV for SPORTS WATCHIN'",
Kings Row,,"3 - 6pm / 
$7 High Balls / $7 House Wine; $9 Burgers / Nachos ","3 - 6pm / 
$7 High Balls / $7 House Wine; $9 Burgers / Nachos ","3 - 6pm / 
$7 High Balls / $7 House Wine; $9 Burgers / Nachos ","3 - 6pm / 
$7 High Balls / $7 House Wine; $9 Burgers / Nachos ","3 - 6pm / 
$7 High Balls / $7 House Wine; $9 Burgers / Nachos ",N/A,N/A,SPORTS WATCHIN'; Pinball; Outdoor Patio,
Lucky Baldwins,,"4 - 6pm / 
$9 Wings; Select Draft Beer","4 - 6pm / 
$9 Wings; Select Draft Beer","4 - 6pm / 
$9 Wings; Select Draft Beer","4 - 6pm / 
$9 Wings; Select Draft Beer",N/A,N/A,N/A,SPORTS WATCHIN'; Outdoor Patio,
Kabuki,,"3 - 6pm / 
8:30pm - Close
$4 sushi/rolls; 
$2 hot sake + Sapporo","3 - 6pm / 
8:30pm - Close
$4 sushi/rolls; 
$2 hot sake + Sapporo","3 - 6pm / 
8:30pm - Close
$4 sushi/rolls; 
$2 hot sake + Sapporo","3 - 6pm / 
8:30pm - Close
$4 sushi/rolls; 
$2 hot sake + Sapporo","3 - 6pm / 
$4 sushi/rolls; 
$2 hot sake + Sapporo","2 - 5pm / 
$4 sushi/rolls; $2 hot sake + Sapporo","2 - 5pm; 
8pm - Close /
$4 sushi/rolls; 
$2 hot sake + Sapporo",,
Paperback Brewing,,"4 - 6pm / 
$2 off Draft Beer","4 - 6pm / 
$2 off Draft Beer /
Trivia","4 - 6pm / 
$2 off Draft Beer","4 - 6pm / 
$2 off Draft Beer","4 - 6pm / 
$2 off Draft Beer",N/A,N/A,SHUFFLE BOARD; SPORTS WATCHIN',
Rocco's Tavern,,"12 - 7pm / 
10pm - close 
2 for 1 drinks; after 10pm half off pizza & wings ","12 - 7pm / 
10pm - close 
2 for 1 drinks; after 10pm half off pizza & wings ","12 - 7pm / 
10pm - close 
2 for 1 drinks; after 10pm half off pizza & wings ","12 - 7pm / 
10pm - close 
2 for 1 drinks; after 10pm half off pizza & wings ","12 - 7pm / 
10pm - close 
2 for 1 drinks; after 10pm half off pizza & wings ","3 - 7pm / 
10pm - close 
2 for 1 drinks; after 10pm half off pizza & wings ","3 - 7pm / 
10pm - close 
2 for 1 drinks; after 10pm half off pizza & wings ",SPORTS WATCHIN',Y
Taco/Social,,"3 - 6pm / 
$2 off margs / craft cocktails / draft beers / wine","3 - 6pm / 
$2 off margs / craft cocktails / draft beers / wine","3 - 6pm / 
$2 off margs / craft cocktails / draft beers / wine","3 - 6pm / 
$2 off margs / craft cocktails / draft beers / wine","3 - 6pm / 
$2 off margs / craft cocktails / draft beers / wine","3 - 6pm / 
$2 off margs / craft cocktails / draft beers / wine","3 - 6pm / 
$2 off margs / craft cocktails / draft beers / wine",SPORTS WATCHIN';  OUTDOOR PATIO,
Yard House,,"3 - 6pm; 10pm - close 
$2 off beer / wine / cocktails; 
Half Off select apps","3 - 6pm; 10pm - close 
$2 off beer / wine / cocktails; 
Half Off select apps","3 - 6pm; 10pm - close 
$2 off beer / wine / cocktails; 
Half Off select apps","3 - 6pm / 
$2 off beer / wine / cocktails; 
Half Off select apps","3 - 6pm / 
$2 off beer / wine / cocktails; 
Half Off select apps","3 - 6pm / 
$2 off beer / wine / cocktails; 
Half Off select apps","3 - 6pm; 10pm - close 
$2 off beer / wine / cocktails; 
Half Off select apps",SPORTS WATCHIN',
,,,,,,,,,,
MANHATTAN / HERMOSA / REDONDO / HAWTHORNE,,,,,,,,,,
Bacari PDR,,"5 - 6pm / 
$2 off cocktails / $2 off select apps","5 - 6pm / 
$2 off cocktails / $2 off select apps","5 - 6pm / 
$2 off cocktails / $2 off select apps","5 - 6pm / 
$2 off cocktails / $2 off select apps","5 - 6pm / 
$2 off cocktails / $2 off select apps",,,,
Baja Sharkeez,,"3 - 7pm / 
2-for-1 draft beers & wells / select apps","3 - 7pm / 
2-for-1 draft beers & wells / select apps","3 - 7pm / 
2-for-1 draft beers & wells / select apps","3 - 7pm / 
2-for-1 draft beers & wells / select apps","3 - 7pm / 
2-for-1 draft beers & wells / select apps",,,SPORTS WATCHIN',
El Segundo Brewing Company,,,,,,,,,SPORTS WATCHIN';  OUTDOOR PATIO,
Ercole's MB,,"10:0am - 6pm / 
beers & wells","10:0am - 6pm / 
beers & wells","10:0am - 6pm / 
beers & wells","10:0am - 6pm / 
beers & wells","10:0am - 6pm / 
beers & wells",,,BILLIARDS; SPORTS WATCHIN',
Pitcher House Upper Deck,,"3 - 7pm / 
$7 drinks and food","3 - 7pm / 
$7 drinks and food","3 - 7pm / 
$7 drinks and food","3 - 7pm / 
$7 drinks and food","3 - 7pm / 
$7 drinks and food",,,,
Shellback Tavern,,"11:30am - 7pm / 
beers & wells","11:30am - 7pm / 
beers & wells","11:30am - 7pm / 
beers & wells","11:30am - 7pm / 
beers & wells","11:30am - 7pm / 
beers & wells",,,,
Standard Station,,"3 - 6pm / 
$7 drinks and food","3 - 6pm  / $7 drinks and food
TT $3 tacos and $20 marg pitchers","3 - 6pm / 
$7 drinks and food","3 - 6pm / 
$7 drinks and food","3 - 6pm / 
$7 drinks and food",,,SPORTS WATCHIN',
Tower 12,,"3 - 6:30pm / 
2-for-1 draft beers & wells / select apps","3 - 6:30pm / 
2-for-1 draft beers & wells / select apps","3 - 6:30pm / 
2-for-1 draft beers & wells / select apps","3 - 6:30pm / 
2-for-1 draft beers & wells / select apps","3 - 6:30pm / 
2-for-1 draft beers & wells / select apps",,,SPORTS WATCHIN';  OUTDOOR PATIO,